<!--
Authors: Remi Denise, Sophie Abby
Copyright: 2014-2022 Institut Pasteur Paris, CNRS
See the COPYRIGHT file for details
This file is a part of TXSScan package.
TXSScan is a package of models for macyfinder
(https://github.com/gem-pasteur/macsyfinder)
TXSSCan is distributed under the terms of
Creative Commons Attribution-NonCommercial-ShareAlike 4.0 International License.
see LICENCE file ship with the package or visit
http://creativecommons.org/licenses/by-nc-sa/4.0/
for more details.
-->

<model inter_gene_max_space="20" min_mandatory_genes_required="9" min_genes_required="10" multi_loci="1" vers="2.0"> 
    <gene name="Flg_sctJ_FLG" presence="mandatory"/>
    <gene name="Flg_sctN_FLG" presence="mandatory"/>       
    <gene name="Flg_sctQ_FLG" presence="mandatory"/>      
    <gene name="Flg_sctR_FLG" presence="mandatory"/>      
    <gene name="Flg_sctS_FLG" presence="mandatory"/>      
    <gene name="Flg_sctT_FLG" presence="mandatory"/>      
    <gene name="Flg_sctU_FLG" presence="mandatory"/>      
    <gene name="Flg_sctV_FLG" presence="mandatory"/>      
    <gene name="Flg_flgB" presence="mandatory"/>
    <gene name="Flg_flgC" presence="mandatory"/>
    <gene name="Flg_fliE" presence="mandatory"/>
    <gene name="T3SS_sctC" presence="forbidden"/>
</model>

