<!--
Authors: Remi Denise, Sophie Abby
Copyright: 2014-2022 Institut Pasteur Paris, CNRS
See the COPYRIGHT file for details
This file is a part of TXSScan package.
TXSScan is a package of models for macyfinder
(https://github.com/gem-pasteur/macsyfinder)
TXSSCan is distributed under the terms of
Creative Commons Attribution-NonCommercial-ShareAlike 4.0 International License.
see LICENCE file ship with the package or visit
http://creativecommons.org/licenses/by-nc-sa/4.0/
for more details.
-->

<model inter_gene_max_space="30" min_mandatory_genes_required="1" min_genes_required="6" vers="2.0">  

    <gene name="T4SS_virb4" presence="mandatory"/>
    <gene name="T4SS_t4cp1" presence="accessory"/>
    <gene name="T4SS_MOBB" presence="forbidden"/>

    <gene name="T4SS_T_virB1" presence="accessory"/>
    <gene name="T4SS_T_virB10" presence="accessory"/>
    <gene name="T4SS_T_virB11" presence="accessory"/>
    <gene name="T4SS_T_virB2" presence="accessory"/>
    <gene name="T4SS_T_virB3" presence="accessory"/>
    <gene name="T4SS_T_virB5" presence="accessory"/>
    <gene name="T4SS_T_virB6" presence="accessory"/>
    <gene name="T4SS_T_virB8" presence="accessory"/>
    <gene name="T4SS_T_virB9" presence="accessory"/>

</model>
