<!--
Authors: Remi Denise, Sophie Abby
Copyright: 2014-2022 Institut Pasteur Paris, CNRS
See the COPYRIGHT file for details
This file is a part of TXSScan package.
TXSScan is a package of models for macyfinder
(https://github.com/gem-pasteur/macsyfinder)
TXSSCan is distributed under the terms of
Creative Commons Attribution-NonCommercial-ShareAlike 4.0 International License.
see LICENCE file ship with the package or visit
http://creativecommons.org/licenses/by-nc-sa/4.0/
for more details.
-->

<model inter_gene_max_space="5" min_mandatory_genes_required="6" min_genes_required="9" multi_loci="1" vers="2.0">
    <gene name="T2SS_gspD" presence="mandatory"/>
    <gene name="T2SS_gspE" presence="mandatory"/>
    <gene name="T2SS_gspF" presence="mandatory"/>
    <gene name="T2SS_gspM" presence="mandatory"/>
    <gene name="T2SS_gspG" presence="mandatory"/>
    <gene name="T2SS_gspH" presence="mandatory"/>
    <gene name="T2SS_gspI" presence="mandatory"/>
    <gene name="T2SS_gspJ" presence="mandatory"/>
    <gene name="T2SS_gspK" presence="mandatory"/>
    <gene name="T2SS_gspC" presence="accessory"/>
    <gene name="T2SS_gspN" presence="accessory"/>
    <gene name="T2SS_gspL" presence="accessory"/>
    <gene name="T2SS_gspO" presence="accessory">
    	<exchangeables>
    	    <gene name="T4P_pilD"/>
        </exchangeables>
    </gene>
    <gene name="T4P_pilM" presence="forbidden"/>
    <gene name="Tad_tadZ" presence="forbidden"/>
</model>
