<!--
Authors: Remi Denise, Sophie Abby
Copyright: 2014-2022 Institut Pasteur Paris, CNRS
See the COPYRIGHT file for details
This file is a part of TXSScan package.
TXSScan is a package of models for macyfinder
(https://github.com/gem-pasteur/macsyfinder)
TXSSCan is distributed under the terms of
Creative Commons Attribution-NonCommercial-ShareAlike 4.0 International License.
see LICENCE file ship with the package or visit
http://creativecommons.org/licenses/by-nc-sa/4.0/
for more details.
-->

<model inter_gene_max_space="30" min_mandatory_genes_required="1" min_genes_required="6" vers="2.0">  
    <gene name="T4SS_virb4" presence="mandatory"/>
    <gene name="T4SS_t4cp1" presence="accessory"/>
    <gene name="T4SS_MOBB" presence="forbidden"/>

    <gene name="T4SS_I_traE" presence="accessory"/>
    <gene name="T4SS_I_traI" presence="accessory"/>
    <gene name="T4SS_I_traK" presence="accessory"/>
    <gene name="T4SS_I_traL" presence="accessory"/>
    <gene name="T4SS_I_traM" presence="accessory"/>
    <gene name="T4SS_I_traN" presence="accessory"/>
    <gene name="T4SS_I_traO" presence="accessory"/>
    <gene name="T4SS_I_traP" presence="accessory"/>
    <gene name="T4SS_I_traQ" presence="accessory"/>
    <gene name="T4SS_I_traR" presence="accessory"/>
    <gene name="T4SS_I_traT" presence="accessory"/>
    <gene name="T4SS_I_traW" presence="accessory"/>
    <gene name="T4SS_I_traY" presence="accessory"/>
    <gene name="T4SS_I_trbA" presence="accessory"/>
    <gene name="T4SS_I_trbB" presence="accessory"/>
</model>

