<!--
Authors: Remi Denise, Sophie Abby
Copyright: 2014-2022 Institut Pasteur Paris, CNRS
See the COPYRIGHT file for details
This file is a part of TXSScan package.
TXSScan is a package of models for macyfinder
(https://github.com/gem-pasteur/macsyfinder)
TXSSCan is distributed under the terms of
Creative Commons Attribution-NonCommercial-ShareAlike 4.0 International License.
see LICENCE file ship with the package or visit
http://creativecommons.org/licenses/by-nc-sa/4.0/
for more details.
-->

<model inter_gene_max_space="30" min_mandatory_genes_required="2" min_genes_required="6" vers="2.0">  
    <gene name="T4SS_virb4" presence="mandatory" />
    <gene name="T4SS_t4cp1" presence="mandatory" />
    <gene name="T4SS_MOBB" presence="mandatory" />

    <gene name="T4SS_B_traE" presence="accessory" />
    <gene name="T4SS_B_traF" presence="accessory" />
    <gene name="T4SS_B_traH" presence="accessory" />
    <gene name="T4SS_B_traI" presence="accessory" />
    <gene name="T4SS_B_traJ" presence="accessory" />
    <gene name="T4SS_B_traK" presence="accessory" />
    <gene name="T4SS_B_traL" presence="accessory" />
    <gene name="T4SS_B_traM" presence="accessory" />
    <gene name="T4SS_B_traN" presence="accessory" />
    <gene name="T4SS_B_traO" presence="accessory" />
    <gene name="T4SS_B_traP" presence="accessory" />
    <gene name="T4SS_B_traQ" presence="accessory" />
</model>
