<!--
Authors: Remi Denise, Sophie Abby
Copyright: 2014-2022 Institut Pasteur Paris, CNRS
See the COPYRIGHT file for details
This file is a part of TXSScan package.
TXSScan is a package of models for macyfinder
(https://github.com/gem-pasteur/macsyfinder)
TXSSCan is distributed under the terms of
Creative Commons Attribution-NonCommercial-ShareAlike 4.0 International License.
see LICENCE file ship with the package or visit
http://creativecommons.org/licenses/by-nc-sa/4.0/
for more details.
-->

<model inter_gene_max_space="30" min_mandatory_genes_required="2" min_genes_required="6" vers="2.0">  
    <gene name="T4SS_virb4" presence="mandatory" />
    <gene name="T4SS_t4cp1" presence="mandatory" />
    <gene name="T4SS_MOBB" presence="mandatory" />

    <gene name="T4SS_G_tfc7" presence="accessory" />
    <gene name="T4SS_G_tfc8" presence="accessory" />
    <gene name="T4SS_G_tfc9" presence="accessory" />
    <gene name="T4SS_G_tfc10" presence="accessory" />
    <gene name="T4SS_G_tfc11" presence="accessory" />
    <gene name="T4SS_G_tfc12" presence="accessory" />
    <gene name="T4SS_G_tfc13" presence="accessory" />
    <gene name="T4SS_G_tfc14" presence="accessory" />
    <gene name="T4SS_G_tfc15" presence="accessory" />
    <gene name="T4SS_G_tfc17" presence="accessory" />
    <gene name="T4SS_G_tfc18" presence="accessory" />
    <gene name="T4SS_G_tfc19" presence="accessory" />
    <gene name="T4SS_G_tfc22" presence="accessory" />
    <gene name="T4SS_G_tfc23" presence="accessory" />
    <gene name="T4SS_G_tfc24" presence="accessory" />
    <gene name="T4SS_G_tfc2" presence="accessory" />
    <gene name="T4SS_G_tfc3" presence="accessory" />
    <gene name="T4SS_G_tfc5" presence="accessory" />
    
    <gene name="T4SS_I_traE" presence="accessory" />
    <gene name="T4SS_T_virB1" presence="accessory" />
</model>
