<!--
Authors: Remi Denise, Sophie Abby
Copyright: 2014-2022 Institut Pasteur Paris, CNRS
See the COPYRIGHT file for details
This file is a part of TXSScan package.
TXSScan is a package of models for macyfinder
(https://github.com/gem-pasteur/macsyfinder)
TXSSCan is distributed under the terms of
Creative Commons Attribution-NonCommercial-ShareAlike 4.0 International License.
see LICENCE file ship with the package or visit
http://creativecommons.org/licenses/by-nc-sa/4.0/
for more details.
-->

<model inter_gene_max_space="5" min_mandatory_genes_required="10" min_genes_required="10" vers="2.0">
    <gene name="T6SSii_dotU" presence="mandatory"/>
    <gene name="T6SSii_iglA" presence="mandatory"/>
    <gene name="T6SSii_iglB" presence="mandatory"/>
    <gene name="T6SSii_iglC" presence="mandatory"/>
    <gene name="T6SSii_iglD" presence="mandatory"/>
    <gene name="T6SSii_iglE" presence="mandatory"/>
    <gene name="T6SSii_iglF" presence="mandatory"/>
    <gene name="T6SSii_iglG" presence="mandatory"/>
    <gene name="T6SSii_iglH" presence="mandatory"/>
    <gene name="T6SSii_iglI" presence="mandatory"/>
    <gene name="T6SSii_iglJ" presence="mandatory"/>
    <gene name="T6SSii_pdpA" presence="mandatory"/>
    <gene name="T6SSii_pdpB" presence="mandatory"/>
    <gene name="T6SSii_pdpC" presence="mandatory"/>
    <gene name="T6SSii_pdpD" presence="mandatory"/>
    <gene name="T6SSii_pdpE" presence="mandatory"/>
    <gene name="T6SSii_vgrG" presence="mandatory"/>
</model>
