<!--
Authors: Remi Denise, Sophie Abby
Copyright: 2014-2022 Institut Pasteur Paris, CNRS
See the COPYRIGHT file for details
This file is a part of TXSScan package.
TXSScan is a package of models for macyfinder
(https://github.com/gem-pasteur/macsyfinder)
TXSSCan is distributed under the terms of
Creative Commons Attribution-NonCommercial-ShareAlike 4.0 International License.
see LICENCE file ship with the package or visit
http://creativecommons.org/licenses/by-nc-sa/4.0/
for more details.
-->

<model inter_gene_max_space="20" min_mandatory_genes_required="8" min_genes_required="8" multi_loci="1" vers="2.0">

    <gene name="T6SSiii_tssB" presence="mandatory" />
    <gene name="T6SSiii_tssC" presence="mandatory" />
    <gene name="T6SSiii_tssD" presence="mandatory" loner="1"/>
    <gene name="T6SSiii_tssE" presence="mandatory" />
    <gene name="T6SSiii_tssF" presence="mandatory" />
    <gene name="T6SSiii_tssG" presence="mandatory" />
    <gene name="T6SSiii_tssH" presence="mandatory" />
    <gene name="T6SSiii_tssI" presence="mandatory" loner="1"/>
    <gene name="T6SSiii_tssK" presence="mandatory" />
    <gene name="T6SSiii_tssN" presence="mandatory" />
    <gene name="T6SSiii_tssP" presence="mandatory" />
    <gene name="T6SSiii_tssQ" presence="mandatory" />

</model>
