<!--
Authors: Remi Denise, Sophie Abby
Copyright: 2014-2022 Institut Pasteur Paris, CNRS
See the COPYRIGHT file for details
This file is a part of TXSScan package.
TXSScan is a package of models for macyfinder
(https://github.com/gem-pasteur/macsyfinder)
TXSSCan is distributed under the terms of
Creative Commons Attribution-NonCommercial-ShareAlike 4.0 International License.
see LICENCE file ship with the package or visit
http://creativecommons.org/licenses/by-nc-sa/4.0/
for more details.
-->

<model inter_gene_max_space="20" min_mandatory_genes_required="11" min_genes_required="11" multi_loci="1" vers="2.0">
    <gene name="T6SSi_evpJ" presence="mandatory"/>
    <gene name="T6SSi_tssA" presence="mandatory"/>
    <gene name="T6SSi_tssB" presence="mandatory"/>
    <gene name="T6SSi_tssC" presence="mandatory"/>
    <gene name="T6SSi_tssD" presence="mandatory"/>
    <gene name="T6SSi_tssE" presence="mandatory"/>
    <gene name="T6SSi_tssF" presence="mandatory"/>
    <gene name="T6SSi_tssG" presence="mandatory"/>
    <gene name="T6SSi_tssH" presence="mandatory"/>
    <gene name="T6SSi_tssI" presence="mandatory"/>
    <gene name="T6SSi_tssJ" presence="mandatory"/>
    <gene name="T6SSi_tssK" presence="mandatory"/>
    <gene name="T6SSi_tssL" presence="mandatory"/>
    <gene name="T6SSi_tssM" presence="mandatory"/>
</model>
