<!--
Authors: Remi Denise, Sophie Abby
Copyright: 2014-2022 Institut Pasteur Paris, CNRS
See the COPYRIGHT file for details
This file is a part of TXSScan package.
TXSScan is a package of models for macyfinder
(https://github.com/gem-pasteur/macsyfinder)
TXSSCan is distributed under the terms of
Creative Commons Attribution-NonCommercial-ShareAlike 4.0 International License.
see LICENCE file ship with the package or visit
http://creativecommons.org/licenses/by-nc-sa/4.0/
for more details.
-->

<model inter_gene_max_space="5" min_mandatory_genes_required="7" min_genes_required="7" multi_loci="1" vers="2.0">

    <gene name="T9SS_gldJ_TIGR03524" presence="accessory"/>    

    <gene name="T9SS_gldK_TIGR03525" presence="mandatory"/>
    <gene name="T9SS_gldL_TIGR03513" presence="mandatory"/>
    <gene name="T9SS_gldM_TIGR03517" presence="mandatory"/>
    <gene name="T9SS_gldN_TIGR03523" presence="mandatory"/>

    <gene name="T9SS_porU" presence="accessory"/>
    <gene name="T9SS_porV" presence="mandatory"/>
    <gene name="T9SS_porQ" presence="accessory" loner="1"/>

    <gene name="T9SS_sprA_PF14349" presence="mandatory" loner="1">
        <exchangeables>
            <gene name="T9SS_sprA-2_PF12118" loner="1"/>
    	    <gene name="T9SS_sprA-3_TIGR04189" loner="1"/>
        </exchangeables>
    </gene> 

    <gene name="T9SS_sprE" presence="mandatory" loner="1"/>

    <gene name="T9SS_sprT" presence="mandatory" loner="1"/>

</model>
